Dni,Nombres,Apellido_Paterno,Apellido_Materno,Telefono,FechaContacto,Correo,Direccion,Distrito,Departamento
dni10001,nombres10001,apellido_paterno10001,apellido_materno10001,48510001,10021210001,correo@upc.com10001,direccion10001,distrito10001,departamento10001
dni10002,nombres10002,apellido_paterno10002,apellido_materno10002,48510002,10021210002,correo@upc.com10002,direccion10002,distrito10002,departamento10002
dni10003,nombres10003,apellido_paterno10003,apellido_materno10003,48510003,10021210003,correo@upc.com10003,direccion10003,distrito10003,departamento10003
dni10004,nombres10004,apellido_paterno10004,apellido_materno10004,48510004,10021210004,correo@upc.com10004,direccion10004,distrito10004,departamento10004
dni10005,nombres10005,apellido_paterno10005,apellido_materno10005,48510005,10021210005,correo@upc.com10005,direccion10005,distrito10005,departamento10005
dni10006,nombres10006,apellido_paterno10006,apellido_materno10006,48510006,10021210006,correo@upc.com10006,direccion10006,distrito10006,departamento10006
dni10007,nombres10007,apellido_paterno10007,apellido_materno10007,48510007,10021210007,correo@upc.com10007,direccion10007,distrito10007,departamento10007
dni10008,nombres10008,apellido_paterno10008,apellido_materno10008,48510008,10021210008,correo@upc.com10008,direccion10008,distrito10008,departamento10008
dni10009,nombres10009,apellido_paterno10009,apellido_materno10009,48510009,10021210009,correo@upc.com10009,direccion10009,distrito10009,departamento10009
dni10010,nombres10010,apellido_paterno10010,apellido_materno10010,48510010,10021210010,correo@upc.com10010,direccion10010,distrito10010,departamento10010
dni10011,nombres10011,apellido_paterno10011,apellido_materno10011,48510011,10021210011,correo@upc.com10011,direccion10011,distrito10011,departamento10011
dni10012,nombres10012,apellido_paterno10012,apellido_materno10012,48510012,10021210012,correo@upc.com10012,direccion10012,distrito10012,departamento10012
dni10013,nombres10013,apellido_paterno10013,apellido_materno10013,48510013,10021210013,correo@upc.com10013,direccion10013,distrito10013,departamento10013
dni10014,nombres10014,apellido_paterno10014,apellido_materno10014,48510014,10021210014,correo@upc.com10014,direccion10014,distrito10014,departamento10014
dni10015,nombres10015,apellido_paterno10015,apellido_materno10015,48510015,10021210015,correo@upc.com10015,direccion10015,distrito10015,departamento10015
